전표번호,전기일자,입력일시,계정코드,계정과목,차변금액,대변금액,적요,입력자,승인자,is_anomaly,anomaly_type
JE00001,2025-05-21,2025-05-21 12:14,101,현금,"1,411,200",0,매출채권 회수,이감사,김회계,정상,
JE00001,2025-05-21,2025-05-21 12:14,108,외상매출금,0,"1,411,200",매출채권 회수,이감사,김회계,정상,
JE00002,2025-10-30,2025-10-30 15:02,811,복리후생비,"4,658,000",0,직원 복리후생,김회계,이감사,정상,
JE00002,2025-10-30,2025-10-30 15:02,103,보통예금,0,"4,658,000",직원 복리후생,김회계,이감사,정상,
JE00003,2025-09-16,2025-09-16 09:35,251,외상매입금,"12,298,100",0,매입대금 지급,이감사,정전표,정상,
JE00003,2025-09-16,2025-09-16 09:35,101,현금,0,"12,298,100",매입대금 지급,이감사,정전표,정상,
JE00004,2025-10-29,2025-10-29 13:51,251,외상매입금,"23,651,400",0,매입대금 지급,김회계,박세무,정상,
JE00004,2025-10-29,2025-10-29 13:51,101,현금,0,"23,651,400",매입대금 지급,김회계,박세무,정상,
JE00005,2025-05-23,2025-05-23 11:13,812,여비교통비,"17,938,900",0,출장 여비 정산,박세무,김회계,정상,
JE00005,2025-05-23,2025-05-23 11:13,101,현금,0,"17,938,900",출장 여비 정산,박세무,김회계,정상,
JE00006,2025-02-19,2025-02-19 14:54,101,현금,"20,019,100",0,매출채권 회수,박세무,최결산,정상,
JE00006,2025-02-19,2025-02-19 14:54,108,외상매출금,0,"20,019,100",매출채권 회수,박세무,최결산,정상,
JE00007,2025-10-02,2025-10-02 10:59,108,외상매출금,"24,187,000",0,제품 판매,최결산,김회계,정상,
JE00007,2025-10-02,2025-10-02 10:59,401,제품매출,0,"24,187,000",제품 판매,최결산,김회계,정상,
JE00008,2025-11-18,2025-11-18 14:36,811,복리후생비,"15,470,900",0,직원 복리후생,이감사,김회계,정상,
JE00008,2025-11-18,2025-11-18 14:36,103,보통예금,0,"15,470,900",직원 복리후생,이감사,김회계,정상,
JE00009,2025-05-29,2025-05-29 10:54,108,외상매출금,"12,048,400",0,제품 판매,이감사,김회계,정상,
JE00009,2025-05-29,2025-05-29 10:54,401,제품매출,0,"12,048,400",제품 판매,이감사,김회계,정상,
JE00010,2025-08-21,2025-08-21 14:10,812,여비교통비,"14,673,800",0,출장 여비 정산,박세무,최결산,정상,
JE00010,2025-08-21,2025-08-21 14:10,101,현금,0,"14,673,800",출장 여비 정산,박세무,최결산,정상,
JE00011,2025-12-26,2025-12-26 10:38,251,외상매입금,"14,097,300",0,매입대금 지급,이감사,박세무,정상,
JE00011,2025-12-26,2025-12-26 10:38,101,현금,0,"14,097,300",매입대금 지급,이감사,박세무,정상,
JE00012,2025-07-14,2025-07-14 13:59,146,상품,"24,335,700",0,상품 매입,정전표,이감사,정상,
JE00012,2025-07-14,2025-07-14 13:59,251,외상매입금,0,"24,335,700",상품 매입,정전표,이감사,정상,
JE00013,2025-04-28,2025-04-28 09:51,813,접대비,"3,032,700",0,거래처 접대,박세무,정전표,정상,
JE00013,2025-04-28,2025-04-28 09:51,101,현금,0,"3,032,700",거래처 접대,박세무,정전표,정상,
JE00014,2025-04-21,2025-04-21 14:13,801,급여,"3,570,100",0,직원 급여 지급,최결산,정전표,정상,
JE00014,2025-04-21,2025-04-21 14:13,101,현금,0,"3,570,100",직원 급여 지급,최결산,정전표,정상,
JE00015,2025-05-16,2025-05-16 11:15,830,지급수수료,"7,590,500",0,수수료 이체,정전표,박세무,정상,
JE00015,2025-05-16,2025-05-16 11:15,103,보통예금,0,"7,590,500",수수료 이체,정전표,박세무,정상,
JE00016,2025-10-27,2025-10-27 15:23,820,감가상각비,"22,562,200",0,월 감가상각 계상,이감사,박세무,정상,
JE00016,2025-10-27,2025-10-27 15:23,203,감가상각누계액,0,"22,562,200",월 감가상각 계상,이감사,박세무,정상,
JE00017,2025-02-17,2025-02-17 09:55,811,복리후생비,"25,974,400",0,직원 복리후생,김회계,박세무,정상,
JE00017,2025-02-17,2025-02-17 09:55,103,보통예금,0,"25,974,400",직원 복리후생,김회계,박세무,정상,
JE00018,2025-11-03,2025-11-03 10:24,146,상품,"22,233,300",0,상품 매입,최결산,정전표,정상,
JE00018,2025-11-03,2025-11-03 10:24,251,외상매입금,0,"22,233,300",상품 매입,최결산,정전표,정상,
JE00019,2025-10-13,2025-10-13 09:43,811,복리후생비,"13,281,300",0,직원 복리후생,김회계,최결산,정상,
JE00019,2025-10-13,2025-10-13 09:43,103,보통예금,0,"13,281,300",직원 복리후생,김회계,최결산,정상,
JE00020,2025-06-02,2025-06-02 15:10,813,접대비,"5,948,500",0,거래처 접대,최결산,김회계,정상,
JE00020,2025-06-02,2025-06-02 15:10,101,현금,0,"5,948,500",거래처 접대,최결산,김회계,정상,
JE00021,2025-04-02,2025-04-02 17:58,801,급여,"26,345,100",0,직원 급여 지급,김회계,최결산,정상,
JE00021,2025-04-02,2025-04-02 17:58,101,현금,0,"26,345,100",직원 급여 지급,김회계,최결산,정상,
JE00022,2025-03-20,2025-03-20 14:48,811,복리후생비,"10,528,600",0,직원 복리후생,이감사,김회계,정상,
JE00022,2025-03-20,2025-03-20 14:48,103,보통예금,0,"10,528,600",직원 복리후생,이감사,김회계,정상,
JE00023,2025-09-08,2025-09-08 09:07,820,감가상각비,"17,095,100",0,월 감가상각 계상,박세무,최결산,정상,
JE00023,2025-09-08,2025-09-08 09:07,203,감가상각누계액,0,"17,095,100",월 감가상각 계상,박세무,최결산,정상,
JE00024,2025-05-05,2025-05-05 10:05,251,외상매입금,"3,136,900",0,매입대금 지급,최결산,김회계,정상,
JE00024,2025-05-05,2025-05-05 10:05,101,현금,0,"3,136,900",매입대금 지급,최결산,김회계,정상,
JE00025,2025-03-07,2025-03-07 16:35,811,복리후생비,"6,693,400",0,직원 복리후생,이감사,최결산,정상,
JE00025,2025-03-07,2025-03-07 16:35,103,보통예금,0,"6,693,400",직원 복리후생,이감사,최결산,정상,
JE00026,2025-04-21,2025-04-21 17:48,811,복리후생비,"22,284,600",0,직원 복리후생,이감사,최결산,정상,
JE00026,2025-04-21,2025-04-21 17:48,103,보통예금,0,"22,284,600",직원 복리후생,이감사,최결산,정상,
JE00027,2025-08-13,2025-08-13 17:28,812,여비교통비,"19,677,900",0,출장 여비 정산,김회계,박세무,정상,
JE00027,2025-08-13,2025-08-13 17:28,101,현금,0,"19,677,900",출장 여비 정산,김회계,박세무,정상,
JE00028,2025-06-23,2025-06-23 09:37,251,외상매입금,"3,456,800",0,매입대금 지급,정전표,이감사,정상,
JE00028,2025-06-23,2025-06-23 09:37,101,현금,0,"3,456,800",매입대금 지급,정전표,이감사,정상,
JE00029,2025-01-06,2025-01-06 10:45,820,감가상각비,"11,645,700",0,월 감가상각 계상,김회계,박세무,정상,
JE00029,2025-01-06,2025-01-06 10:45,203,감가상각누계액,0,"11,645,700",월 감가상각 계상,김회계,박세무,정상,
JE00030,2025-06-19,2025-06-19 10:32,101,현금,"1,746,900",0,매출채권 회수,이감사,최결산,정상,
JE00030,2025-06-19,2025-06-19 10:32,108,외상매출금,0,"1,746,900",매출채권 회수,이감사,최결산,정상,
JE00031,2025-10-06,2025-10-06 11:46,830,지급수수료,"11,332,100",0,수수료 이체,정전표,최결산,정상,
JE00031,2025-10-06,2025-10-06 11:46,103,보통예금,0,"11,332,100",수수료 이체,정전표,최결산,정상,
JE00032,2025-07-28,2025-07-28 12:06,251,외상매입금,"24,897,400",0,매입대금 지급,김회계,정전표,정상,
JE00032,2025-07-28,2025-07-28 12:06,101,현금,0,"24,897,400",매입대금 지급,김회계,정전표,정상,
JE00033,2025-07-30,2025-07-30 16:55,813,접대비,"22,307,700",0,거래처 접대,김회계,이감사,정상,
JE00033,2025-07-30,2025-07-30 16:55,101,현금,0,"22,307,700",거래처 접대,김회계,이감사,정상,
JE00034,2025-06-23,2025-06-23 10:15,108,외상매출금,"21,208,900",0,제품 판매,이감사,박세무,정상,
JE00034,2025-06-23,2025-06-23 10:15,401,제품매출,0,"21,208,900",제품 판매,이감사,박세무,정상,
JE00035,2025-03-13,2025-03-13 15:11,811,복리후생비,"23,620,200",0,직원 복리후생,박세무,정전표,정상,
JE00035,2025-03-13,2025-03-13 15:11,103,보통예금,0,"23,620,200",직원 복리후생,박세무,정전표,정상,
JE00036,2025-08-15,2025-08-15 17:06,251,외상매입금,"4,052,300",0,매입대금 지급,김회계,이감사,정상,
JE00036,2025-08-15,2025-08-15 17:06,101,현금,0,"4,052,300",매입대금 지급,김회계,이감사,정상,
JE00037,2025-03-27,2025-03-27 15:31,101,현금,"12,493,000",0,매출채권 회수,최결산,이감사,정상,
JE00037,2025-03-27,2025-03-27 15:31,108,외상매출금,0,"12,493,000",매출채권 회수,최결산,이감사,정상,
JE00038,2025-03-26,2025-03-26 15:00,812,여비교통비,"3,174,100",0,출장 여비 정산,최결산,박세무,정상,
JE00038,2025-03-26,2025-03-26 15:00,101,현금,0,"3,174,100",출장 여비 정산,최결산,박세무,정상,
JE00039,2025-08-05,2025-08-05 17:42,830,지급수수료,"15,055,200",0,수수료 이체,최결산,이감사,정상,
JE00039,2025-08-05,2025-08-05 17:42,103,보통예금,0,"15,055,200",수수료 이체,최결산,이감사,정상,
JE00040,2025-04-22,2025-04-22 09:37,251,외상매입금,"15,656,000",0,매입대금 지급,정전표,김회계,정상,
JE00040,2025-04-22,2025-04-22 09:37,101,현금,0,"15,656,000",매입대금 지급,정전표,김회계,정상,
JE00041,2025-01-27,2025-01-27 16:32,813,접대비,"3,097,100",0,거래처 접대,정전표,이감사,정상,
JE00041,2025-01-27,2025-01-27 16:32,101,현금,0,"3,097,100",거래처 접대,정전표,이감사,정상,
JE00042,2025-02-11,2025-02-11 11:04,108,외상매출금,"26,724,800",0,제품 판매,정전표,김회계,정상,
JE00042,2025-02-11,2025-02-11 11:04,401,제품매출,0,"26,724,800",제품 판매,정전표,김회계,정상,
JE00043,2025-03-03,2025-03-03 12:37,251,외상매입금,"21,269,400",0,매입대금 지급,정전표,김회계,정상,
JE00043,2025-03-03,2025-03-03 12:37,101,현금,0,"21,269,400",매입대금 지급,정전표,김회계,정상,
JE00044,2025-08-04,2025-08-04 17:20,820,감가상각비,"4,398,200",0,월 감가상각 계상,박세무,이감사,정상,
JE00044,2025-08-04,2025-08-04 17:20,203,감가상각누계액,0,"4,398,200",월 감가상각 계상,박세무,이감사,정상,
JE00045,2025-05-16,2025-05-16 15:08,813,접대비,"12,614,000",0,거래처 접대,박세무,정전표,정상,
JE00045,2025-05-16,2025-05-16 15:08,101,현금,0,"12,614,000",거래처 접대,박세무,정전표,정상,
JE00046,2025-01-06,2025-01-06 16:39,813,접대비,"3,903,300",0,거래처 접대,정전표,김회계,정상,
JE00046,2025-01-06,2025-01-06 16:39,101,현금,0,"3,903,300",거래처 접대,정전표,김회계,정상,
JE00047,2025-04-21,2025-04-21 17:16,101,현금,"28,287,500",0,매출채권 회수,이감사,최결산,정상,
JE00047,2025-04-21,2025-04-21 17:16,108,외상매출금,0,"28,287,500",매출채권 회수,이감사,최결산,정상,
JE00048,2025-07-09,2025-07-09 13:10,101,현금,"12,907,500",0,매출채권 회수,최결산,박세무,정상,
JE00048,2025-07-09,2025-07-09 13:10,108,외상매출금,0,"12,907,500",매출채권 회수,최결산,박세무,정상,
JE00049,2025-01-06,2025-01-06 17:19,820,감가상각비,"27,831,700",0,월 감가상각 계상,김회계,박세무,정상,
JE00049,2025-01-06,2025-01-06 17:19,203,감가상각누계액,0,"27,831,700",월 감가상각 계상,김회계,박세무,정상,
JE00050,2025-02-24,2025-02-24 17:09,801,급여,"6,151,700",0,직원 급여 지급,박세무,최결산,정상,
JE00050,2025-02-24,2025-02-24 17:09,101,현금,0,"6,151,700",직원 급여 지급,박세무,최결산,정상,
JE00051,2025-06-25,2025-06-25 12:43,820,감가상각비,"11,143,000",0,월 감가상각 계상,박세무,정전표,정상,
JE00051,2025-06-25,2025-06-25 12:43,203,감가상각누계액,0,"11,143,000",월 감가상각 계상,박세무,정전표,정상,
JE00052,2025-02-17,2025-02-17 15:53,801,급여,"2,763,300",0,직원 급여 지급,박세무,김회계,정상,
JE00052,2025-02-17,2025-02-17 15:53,101,현금,0,"2,763,300",직원 급여 지급,박세무,김회계,정상,
JE00053,2025-03-10,2025-03-10 13:10,108,외상매출금,"17,587,900",0,제품 판매,최결산,정전표,정상,
JE00053,2025-03-10,2025-03-10 13:10,401,제품매출,0,"17,587,900",제품 판매,최결산,정전표,정상,
JE00054,2025-02-27,2025-02-27 10:56,811,복리후생비,"606,900",0,직원 복리후생,이감사,김회계,정상,
JE00054,2025-02-27,2025-02-27 10:56,103,보통예금,0,"606,900",직원 복리후생,이감사,김회계,정상,
JE00055,2025-03-17,2025-03-17 15:08,813,접대비,"29,068,200",0,거래처 접대,김회계,최결산,정상,
JE00055,2025-03-17,2025-03-17 15:08,101,현금,0,"29,068,200",거래처 접대,김회계,최결산,정상,
JE00056,2025-07-03,2025-07-03 12:43,813,접대비,"2,191,600",0,거래처 접대,이감사,김회계,정상,
JE00056,2025-07-03,2025-07-03 12:43,101,현금,0,"2,191,600",거래처 접대,이감사,김회계,정상,
JE00057,2025-07-28,2025-07-28 11:59,813,접대비,"29,454,000",0,거래처 접대,이감사,박세무,정상,
JE00057,2025-07-28,2025-07-28 11:59,101,현금,0,"29,454,000",거래처 접대,이감사,박세무,정상,
JE00058,2025-01-13,2025-01-13 11:47,146,상품,"21,716,100",0,상품 매입,박세무,정전표,정상,
JE00058,2025-01-13,2025-01-13 11:47,251,외상매입금,0,"21,716,100",상품 매입,박세무,정전표,정상,
JE00059,2025-03-24,2025-03-24 10:24,251,외상매입금,"14,088,300",0,매입대금 지급,김회계,정전표,정상,
JE00059,2025-03-24,2025-03-24 10:24,101,현금,0,"14,088,300",매입대금 지급,김회계,정전표,정상,
JE00060,2025-08-25,2025-08-25 14:19,251,외상매입금,"10,563,300",0,매입대금 지급,이감사,박세무,정상,
JE00060,2025-08-25,2025-08-25 14:19,101,현금,0,"10,563,300",매입대금 지급,이감사,박세무,정상,
JE00061,2025-07-24,2025-07-24 14:17,108,외상매출금,"10,225,500",0,제품 판매,김회계,최결산,정상,
JE00061,2025-07-24,2025-07-24 14:17,401,제품매출,0,"10,225,500",제품 판매,김회계,최결산,정상,
JE00062,2025-07-24,2025-07-24 17:21,813,접대비,"26,807,500",0,거래처 접대,김회계,이감사,정상,
JE00062,2025-07-24,2025-07-24 17:21,101,현금,0,"26,807,500",거래처 접대,김회계,이감사,정상,
JE00063,2025-10-27,2025-10-27 13:02,801,급여,"9,462,000",0,직원 급여 지급,김회계,정전표,정상,
JE00063,2025-10-27,2025-10-27 13:02,101,현금,0,"9,462,000",직원 급여 지급,김회계,정전표,정상,
JE00064,2025-08-12,2025-08-12 17:07,813,접대비,"16,545,700",0,거래처 접대,최결산,이감사,정상,
JE00064,2025-08-12,2025-08-12 17:07,101,현금,0,"16,545,700",거래처 접대,최결산,이감사,정상,
JE00065,2025-12-29,2025-12-29 15:00,801,급여,"2,427,100",0,직원 급여 지급,정전표,이감사,정상,
JE00065,2025-12-29,2025-12-29 15:00,101,현금,0,"2,427,100",직원 급여 지급,정전표,이감사,정상,
JE00066,2025-02-05,2025-02-05 14:39,813,접대비,"22,712,400",0,거래처 접대,박세무,김회계,정상,
JE00066,2025-02-05,2025-02-05 14:39,101,현금,0,"22,712,400",거래처 접대,박세무,김회계,정상,
JE00067,2025-06-09,2025-06-09 15:20,801,급여,"26,687,800",0,직원 급여 지급,최결산,박세무,정상,
JE00067,2025-06-09,2025-06-09 15:20,101,현금,0,"26,687,800",직원 급여 지급,최결산,박세무,정상,
JE00068,2025-04-09,2025-04-09 15:42,811,복리후생비,"6,773,500",0,직원 복리후생,최결산,이감사,정상,
JE00068,2025-04-09,2025-04-09 15:42,103,보통예금,0,"6,773,500",직원 복리후생,최결산,이감사,정상,
JE00069,2025-06-04,2025-06-04 15:35,820,감가상각비,"29,937,500",0,월 감가상각 계상,김회계,최결산,정상,
JE00069,2025-06-04,2025-06-04 15:35,203,감가상각누계액,0,"29,937,500",월 감가상각 계상,김회계,최결산,정상,
JE00070,2025-08-11,2025-08-11 14:29,801,급여,"11,119,600",0,직원 급여 지급,최결산,정전표,정상,
JE00070,2025-08-11,2025-08-11 14:29,101,현금,0,"11,119,600",직원 급여 지급,최결산,정전표,정상,
JE00071,2025-09-01,2025-09-01 11:42,251,외상매입금,"26,900,200",0,매입대금 지급,김회계,최결산,정상,
JE00071,2025-09-01,2025-09-01 11:42,101,현금,0,"26,900,200",매입대금 지급,김회계,최결산,정상,
JE00072,2025-02-17,2025-02-17 12:43,811,복리후생비,"17,673,500",0,직원 복리후생,박세무,이감사,정상,
JE00072,2025-02-17,2025-02-17 12:43,103,보통예금,0,"17,673,500",직원 복리후생,박세무,이감사,정상,
JE00073,2025-01-13,2025-01-13 09:15,251,외상매입금,"7,825,500",0,매입대금 지급,최결산,김회계,정상,
JE00073,2025-01-13,2025-01-13 09:15,101,현금,0,"7,825,500",매입대금 지급,최결산,김회계,정상,
JE00074,2025-11-19,2025-11-19 12:45,830,지급수수료,"21,828,600",0,수수료 이체,최결산,정전표,정상,
JE00074,2025-11-19,2025-11-19 12:45,103,보통예금,0,"21,828,600",수수료 이체,최결산,정전표,정상,
JE00075,2025-03-17,2025-03-17 09:57,812,여비교통비,"12,891,800",0,출장 여비 정산,김회계,정전표,정상,
JE00075,2025-03-17,2025-03-17 09:57,101,현금,0,"12,891,800",출장 여비 정산,김회계,정전표,정상,
JE00076,2025-12-23,2025-12-23 17:29,251,외상매입금,"9,321,500",0,매입대금 지급,김회계,박세무,정상,
JE00076,2025-12-23,2025-12-23 17:29,101,현금,0,"9,321,500",매입대금 지급,김회계,박세무,정상,
JE00077,2025-03-10,2025-03-10 16:42,101,현금,"24,031,700",0,매출채권 회수,정전표,박세무,정상,
JE00077,2025-03-10,2025-03-10 16:42,108,외상매출금,0,"24,031,700",매출채권 회수,정전표,박세무,정상,
JE00078,2025-08-07,2025-08-07 17:28,830,지급수수료,"26,564,900",0,수수료 이체,이감사,정전표,정상,
JE00078,2025-08-07,2025-08-07 17:28,103,보통예금,0,"26,564,900",수수료 이체,이감사,정전표,정상,
JE00079,2025-05-07,2025-05-07 13:49,830,지급수수료,"13,689,100",0,수수료 이체,정전표,최결산,정상,
JE00079,2025-05-07,2025-05-07 13:49,103,보통예금,0,"13,689,100",수수료 이체,정전표,최결산,정상,
JE00080,2025-08-14,2025-08-14 10:45,251,외상매입금,"14,496,800",0,매입대금 지급,박세무,이감사,정상,
JE00080,2025-08-14,2025-08-14 10:45,101,현금,0,"14,496,800",매입대금 지급,박세무,이감사,정상,
JE00081,2025-06-13,2025-06-13 17:05,801,급여,"17,708,000",0,직원 급여 지급,이감사,박세무,정상,
JE00081,2025-06-13,2025-06-13 17:05,101,현금,0,"17,708,000",직원 급여 지급,이감사,박세무,정상,
JE00082,2025-12-22,2025-12-22 11:45,251,외상매입금,"20,182,000",0,매입대금 지급,이감사,김회계,정상,
JE00082,2025-12-22,2025-12-22 11:45,101,현금,0,"20,182,000",매입대금 지급,이감사,김회계,정상,
JE00083,2025-06-19,2025-06-19 17:29,812,여비교통비,"21,469,900",0,출장 여비 정산,최결산,김회계,정상,
JE00083,2025-06-19,2025-06-19 17:29,101,현금,0,"21,469,900",출장 여비 정산,최결산,김회계,정상,
JE00084,2025-07-21,2025-07-21 09:54,251,외상매입금,"22,127,600",0,매입대금 지급,정전표,최결산,정상,
JE00084,2025-07-21,2025-07-21 09:54,101,현금,0,"22,127,600",매입대금 지급,정전표,최결산,정상,
JE00085,2025-06-30,2025-06-30 13:48,830,지급수수료,"409,100",0,수수료 이체,최결산,정전표,정상,
JE00085,2025-06-30,2025-06-30 13:48,103,보통예금,0,"409,100",수수료 이체,최결산,정전표,정상,
JE00086,2025-11-05,2025-11-05 12:31,811,복리후생비,"28,733,000",0,직원 복리후생,이감사,최결산,정상,
JE00086,2025-11-05,2025-11-05 12:31,103,보통예금,0,"28,733,000",직원 복리후생,이감사,최결산,정상,
JE00087,2025-01-15,2025-01-15 15:21,812,여비교통비,"25,561,600",0,출장 여비 정산,최결산,이감사,정상,
JE00087,2025-01-15,2025-01-15 15:21,101,현금,0,"25,561,600",출장 여비 정산,최결산,이감사,정상,
JE00088,2025-11-17,2025-11-17 17:01,830,지급수수료,"6,791,300",0,수수료 이체,최결산,김회계,정상,
JE00088,2025-11-17,2025-11-17 17:01,103,보통예금,0,"6,791,300",수수료 이체,최결산,김회계,정상,
JE00089,2025-03-11,2025-03-11 16:11,101,현금,"22,571,600",0,매출채권 회수,김회계,최결산,정상,
JE00089,2025-03-11,2025-03-11 16:11,108,외상매출금,0,"22,571,600",매출채권 회수,김회계,최결산,정상,
JE00090,2025-04-21,2025-04-21 16:20,812,여비교통비,"17,262,700",0,출장 여비 정산,박세무,정전표,정상,
JE00090,2025-04-21,2025-04-21 16:20,101,현금,0,"17,262,700",출장 여비 정산,박세무,정전표,정상,
JE00091,2025-05-12,2025-05-12 10:30,801,급여,"22,202,100",0,직원 급여 지급,김회계,이감사,정상,
JE00091,2025-05-12,2025-05-12 10:30,101,현금,0,"22,202,100",직원 급여 지급,김회계,이감사,정상,
JE00092,2025-12-01,2025-12-01 10:49,813,접대비,"11,855,600",0,거래처 접대,김회계,이감사,정상,
JE00092,2025-12-01,2025-12-01 10:49,101,현금,0,"11,855,600",거래처 접대,김회계,이감사,정상,
JE00093,2025-01-13,2025-01-13 11:15,251,외상매입금,"10,552,200",0,매입대금 지급,이감사,정전표,정상,
JE00093,2025-01-13,2025-01-13 11:15,101,현금,0,"10,552,200",매입대금 지급,이감사,정전표,정상,
JE00094,2025-04-22,2025-04-22 16:44,101,현금,"29,668,200",0,매출채권 회수,박세무,최결산,정상,
JE00094,2025-04-22,2025-04-22 16:44,108,외상매출금,0,"29,668,200",매출채권 회수,박세무,최결산,정상,
JE00095,2025-03-25,2025-03-25 13:06,146,상품,"6,104,800",0,상품 매입,정전표,김회계,정상,
JE00095,2025-03-25,2025-03-25 13:06,251,외상매입금,0,"6,104,800",상품 매입,정전표,김회계,정상,
JE00096,2025-07-23,2025-07-23 12:04,801,급여,"19,776,800",0,직원 급여 지급,정전표,이감사,정상,
JE00096,2025-07-23,2025-07-23 12:04,101,현금,0,"19,776,800",직원 급여 지급,정전표,이감사,정상,
JE00097,2025-12-17,2025-12-17 10:50,101,현금,"15,911,600",0,매출채권 회수,정전표,김회계,정상,
JE00097,2025-12-17,2025-12-17 10:50,108,외상매출금,0,"15,911,600",매출채권 회수,정전표,김회계,정상,
JE00098,2025-08-08,2025-08-08 14:04,813,접대비,"28,031,100",0,거래처 접대,정전표,박세무,정상,
JE00098,2025-08-08,2025-08-08 14:04,101,현금,0,"28,031,100",거래처 접대,정전표,박세무,정상,
JE00099,2025-09-08,2025-09-08 10:27,108,외상매출금,"22,123,100",0,제품 판매,박세무,정전표,정상,
JE00099,2025-09-08,2025-09-08 10:27,401,제품매출,0,"22,123,100",제품 판매,박세무,정전표,정상,
JE00100,2025-04-01,2025-04-01 17:41,146,상품,"22,932,000",0,상품 매입,박세무,정전표,정상,
JE00100,2025-04-01,2025-04-01 17:41,251,외상매입금,0,"22,932,000",상품 매입,박세무,정전표,정상,
JE00101,2025-10-31,2025-10-31 13:20,830,지급수수료,"22,936,600",0,수수료 이체,이감사,김회계,정상,
JE00101,2025-10-31,2025-10-31 13:20,103,보통예금,0,"22,936,600",수수료 이체,이감사,김회계,정상,
JE00102,2025-05-05,2025-05-05 16:36,801,급여,"23,735,000",0,직원 급여 지급,정전표,최결산,정상,
JE00102,2025-05-05,2025-05-05 16:36,101,현금,0,"23,735,000",직원 급여 지급,정전표,최결산,정상,
JE00103,2025-09-11,2025-09-11 14:11,813,접대비,"1,604,700",0,거래처 접대,최결산,이감사,정상,
JE00103,2025-09-11,2025-09-11 14:11,101,현금,0,"1,604,700",거래처 접대,최결산,이감사,정상,
JE00104,2025-06-24,2025-06-24 13:56,813,접대비,"13,645,100",0,거래처 접대,정전표,박세무,정상,
JE00104,2025-06-24,2025-06-24 13:56,101,현금,0,"13,645,100",거래처 접대,정전표,박세무,정상,
JE00105,2025-09-22,2025-09-22 12:05,811,복리후생비,"632,200",0,직원 복리후생,이감사,정전표,정상,
JE00105,2025-09-22,2025-09-22 12:05,103,보통예금,0,"632,200",직원 복리후생,이감사,정전표,정상,
JE00106,2025-05-05,2025-05-05 16:41,830,지급수수료,"29,207,200",0,수수료 이체,최결산,정전표,정상,
JE00106,2025-05-05,2025-05-05 16:41,103,보통예금,0,"29,207,200",수수료 이체,최결산,정전표,정상,
JE00107,2025-06-02,2025-06-02 12:25,108,외상매출금,"4,978,600",0,제품 판매,이감사,최결산,정상,
JE00107,2025-06-02,2025-06-02 12:25,401,제품매출,0,"4,978,600",제품 판매,이감사,최결산,정상,
JE00108,2025-09-01,2025-09-01 17:33,820,감가상각비,"19,447,200",0,월 감가상각 계상,박세무,정전표,정상,
JE00108,2025-09-01,2025-09-01 17:33,203,감가상각누계액,0,"19,447,200",월 감가상각 계상,박세무,정전표,정상,
JE00109,2025-06-30,2025-06-30 16:17,811,복리후생비,"17,442,900",0,직원 복리후생,박세무,최결산,정상,
JE00109,2025-06-30,2025-06-30 16:17,103,보통예금,0,"17,442,900",직원 복리후생,박세무,최결산,정상,
JE00110,2025-04-09,2025-04-09 14:07,251,외상매입금,"6,425,800",0,매입대금 지급,정전표,이감사,정상,
JE00110,2025-04-09,2025-04-09 14:07,101,현금,0,"6,425,800",매입대금 지급,정전표,이감사,정상,
JE00111,2025-09-05,2025-09-05 13:46,251,외상매입금,"11,444,700",0,매입대금 지급,정전표,박세무,정상,
JE00111,2025-09-05,2025-09-05 13:46,101,현금,0,"11,444,700",매입대금 지급,정전표,박세무,정상,
JE00112,2025-06-02,2025-06-02 12:23,101,현금,"10,277,300",0,매출채권 회수,이감사,최결산,정상,
JE00112,2025-06-02,2025-06-02 12:23,108,외상매출금,0,"10,277,300",매출채권 회수,이감사,최결산,정상,
JE00113,2025-03-06,2025-03-06 13:02,108,외상매출금,"28,104,000",0,제품 판매,김회계,최결산,정상,
JE00113,2025-03-06,2025-03-06 13:02,401,제품매출,0,"28,104,000",제품 판매,김회계,최결산,정상,
JE00114,2025-02-24,2025-02-24 09:36,146,상품,"25,836,100",0,상품 매입,박세무,정전표,정상,
JE00114,2025-02-24,2025-02-24 09:36,251,외상매입금,0,"25,836,100",상품 매입,박세무,정전표,정상,
JE00115,2025-06-24,2025-06-24 11:03,830,지급수수료,"23,193,200",0,수수료 이체,박세무,정전표,정상,
JE00115,2025-06-24,2025-06-24 11:03,103,보통예금,0,"23,193,200",수수료 이체,박세무,정전표,정상,
JE00116,2025-07-25,2025-07-25 16:04,101,현금,"3,525,800",0,매출채권 회수,정전표,김회계,정상,
JE00116,2025-07-25,2025-07-25 16:04,108,외상매출금,0,"3,525,800",매출채권 회수,정전표,김회계,정상,
JE00117,2025-10-16,2025-10-16 13:05,146,상품,"7,922,200",0,상품 매입,이감사,김회계,정상,
JE00117,2025-10-16,2025-10-16 13:05,251,외상매입금,0,"7,922,200",상품 매입,이감사,김회계,정상,
JE00118,2025-11-07,2025-11-07 12:49,811,복리후생비,"21,919,500",0,직원 복리후생,정전표,최결산,정상,
JE00118,2025-11-07,2025-11-07 12:49,103,보통예금,0,"21,919,500",직원 복리후생,정전표,최결산,정상,
JE00119,2025-06-02,2025-06-02 15:19,830,지급수수료,"23,311,300",0,수수료 이체,정전표,김회계,정상,
JE00119,2025-06-02,2025-06-02 15:19,103,보통예금,0,"23,311,300",수수료 이체,정전표,김회계,정상,
JE00120,2025-04-17,2025-04-17 12:16,820,감가상각비,"5,302,600",0,월 감가상각 계상,김회계,박세무,정상,
JE00120,2025-04-17,2025-04-17 12:16,203,감가상각누계액,0,"5,302,600",월 감가상각 계상,김회계,박세무,정상,
JE00121,2025-10-10,2025-10-10 10:10,251,외상매입금,"9,212,800",0,매입대금 지급,김회계,정전표,정상,
JE00121,2025-10-10,2025-10-10 10:10,101,현금,0,"9,212,800",매입대금 지급,김회계,정전표,정상,
JE00122,2025-05-30,2025-05-30 09:14,830,지급수수료,"24,736,900",0,수수료 이체,박세무,최결산,정상,
JE00122,2025-05-30,2025-05-30 09:14,103,보통예금,0,"24,736,900",수수료 이체,박세무,최결산,정상,
JE00123,2025-12-18,2025-12-18 12:59,830,지급수수료,"3,831,800",0,수수료 이체,박세무,이감사,정상,
JE00123,2025-12-18,2025-12-18 12:59,103,보통예금,0,"3,831,800",수수료 이체,박세무,이감사,정상,
JE00124,2025-10-06,2025-10-06 12:41,812,여비교통비,"6,117,500",0,출장 여비 정산,이감사,최결산,정상,
JE00124,2025-10-06,2025-10-06 12:41,101,현금,0,"6,117,500",출장 여비 정산,이감사,최결산,정상,
JE00125,2025-01-31,2025-01-31 11:50,146,상품,"3,843,900",0,상품 매입,박세무,최결산,정상,
JE00125,2025-01-31,2025-01-31 11:50,251,외상매입금,0,"3,843,900",상품 매입,박세무,최결산,정상,
JE00126,2025-08-28,2025-08-28 13:44,830,지급수수료,"6,619,700",0,수수료 이체,최결산,박세무,정상,
JE00126,2025-08-28,2025-08-28 13:44,103,보통예금,0,"6,619,700",수수료 이체,최결산,박세무,정상,
JE00127,2025-09-10,2025-09-10 16:05,811,복리후생비,"28,410,500",0,직원 복리후생,정전표,김회계,정상,
JE00127,2025-09-10,2025-09-10 16:05,103,보통예금,0,"28,410,500",직원 복리후생,정전표,김회계,정상,
JE00128,2025-11-06,2025-11-06 13:01,812,여비교통비,"16,998,900",0,출장 여비 정산,김회계,박세무,정상,
JE00128,2025-11-06,2025-11-06 13:01,101,현금,0,"16,998,900",출장 여비 정산,김회계,박세무,정상,
JE00129,2025-12-11,2025-12-11 13:36,820,감가상각비,"1,187,600",0,월 감가상각 계상,김회계,박세무,정상,
JE00129,2025-12-11,2025-12-11 13:36,203,감가상각누계액,0,"1,187,600",월 감가상각 계상,김회계,박세무,정상,
JE00130,2025-12-01,2025-12-01 16:58,830,지급수수료,"27,308,600",0,수수료 이체,박세무,이감사,정상,
JE00130,2025-12-01,2025-12-01 16:58,103,보통예금,0,"27,308,600",수수료 이체,박세무,이감사,정상,
JE00131,2025-11-24,2025-11-24 16:05,820,감가상각비,"22,952,900",0,월 감가상각 계상,최결산,박세무,정상,
JE00131,2025-11-24,2025-11-24 16:05,203,감가상각누계액,0,"22,952,900",월 감가상각 계상,최결산,박세무,정상,
JE00132,2025-06-16,2025-06-16 10:54,812,여비교통비,"17,574,900",0,출장 여비 정산,이감사,최결산,정상,
JE00132,2025-06-16,2025-06-16 10:54,101,현금,0,"17,574,900",출장 여비 정산,이감사,최결산,정상,
JE00133,2025-05-28,2025-05-28 15:52,812,여비교통비,"26,076,800",0,출장 여비 정산,정전표,김회계,정상,
JE00133,2025-05-28,2025-05-28 15:52,101,현금,0,"26,076,800",출장 여비 정산,정전표,김회계,정상,
JE00134,2025-06-11,2025-06-11 13:20,830,지급수수료,"4,716,800",0,수수료 이체,김회계,정전표,정상,
JE00134,2025-06-11,2025-06-11 13:20,103,보통예금,0,"4,716,800",수수료 이체,김회계,정전표,정상,
JE00135,2025-12-03,2025-12-03 17:29,811,복리후생비,"160,300",0,직원 복리후생,최결산,김회계,정상,
JE00135,2025-12-03,2025-12-03 17:29,103,보통예금,0,"160,300",직원 복리후생,최결산,김회계,정상,
JE00136,2025-07-07,2025-07-07 16:40,251,외상매입금,"27,281,100",0,매입대금 지급,최결산,김회계,정상,
JE00136,2025-07-07,2025-07-07 16:40,101,현금,0,"27,281,100",매입대금 지급,최결산,김회계,정상,
JE00137,2025-10-09,2025-10-09 11:59,251,외상매입금,"14,101,400",0,매입대금 지급,박세무,정전표,정상,
JE00137,2025-10-09,2025-10-09 11:59,101,현금,0,"14,101,400",매입대금 지급,박세무,정전표,정상,
JE00138,2025-01-15,2025-01-15 12:45,830,지급수수료,"6,466,200",0,수수료 이체,이감사,최결산,정상,
JE00138,2025-01-15,2025-01-15 12:45,103,보통예금,0,"6,466,200",수수료 이체,이감사,최결산,정상,
JE00139,2025-10-10,2025-10-10 15:05,811,복리후생비,"816,900",0,직원 복리후생,이감사,김회계,정상,
JE00139,2025-10-10,2025-10-10 15:05,103,보통예금,0,"816,900",직원 복리후생,이감사,김회계,정상,
JE00140,2025-11-28,2025-11-28 11:31,830,지급수수료,"6,258,600",0,수수료 이체,박세무,최결산,정상,
JE00140,2025-11-28,2025-11-28 11:31,103,보통예금,0,"6,258,600",수수료 이체,박세무,최결산,정상,
JE00141,2025-09-01,2025-09-01 12:29,812,여비교통비,"25,396,800",0,출장 여비 정산,정전표,이감사,정상,
JE00141,2025-09-01,2025-09-01 12:29,101,현금,0,"25,396,800",출장 여비 정산,정전표,이감사,정상,
JE00142,2025-11-03,2025-11-03 17:47,812,여비교통비,"10,093,400",0,출장 여비 정산,이감사,김회계,정상,
JE00142,2025-11-03,2025-11-03 17:47,101,현금,0,"10,093,400",출장 여비 정산,이감사,김회계,정상,
JE00143,2025-06-24,2025-06-24 17:17,801,급여,"21,854,900",0,직원 급여 지급,김회계,최결산,정상,
JE00143,2025-06-24,2025-06-24 17:17,101,현금,0,"21,854,900",직원 급여 지급,김회계,최결산,정상,
JE00144,2025-03-18,2025-03-18 16:34,801,급여,"25,771,200",0,직원 급여 지급,최결산,박세무,정상,
JE00144,2025-03-18,2025-03-18 16:34,101,현금,0,"25,771,200",직원 급여 지급,최결산,박세무,정상,
JE00145,2025-10-06,2025-10-06 15:29,813,접대비,"29,036,300",0,거래처 접대,박세무,이감사,정상,
JE00145,2025-10-06,2025-10-06 15:29,101,현금,0,"29,036,300",거래처 접대,박세무,이감사,정상,
JE00146,2025-04-30,2025-04-30 15:02,251,외상매입금,"20,178,700",0,매입대금 지급,박세무,정전표,정상,
JE00146,2025-04-30,2025-04-30 15:02,101,현금,0,"20,178,700",매입대금 지급,박세무,정전표,정상,
JE00147,2025-12-08,2025-12-08 11:31,812,여비교통비,"20,341,600",0,출장 여비 정산,김회계,박세무,정상,
JE00147,2025-12-08,2025-12-08 11:31,101,현금,0,"20,341,600",출장 여비 정산,김회계,박세무,정상,
JE00148,2025-02-21,2025-02-21 16:06,811,복리후생비,"17,506,000",0,직원 복리후생,정전표,최결산,정상,
JE00148,2025-02-21,2025-02-21 16:06,103,보통예금,0,"17,506,000",직원 복리후생,정전표,최결산,정상,
JE00149,2025-07-29,2025-07-29 11:04,108,외상매출금,"7,657,800",0,제품 판매,최결산,박세무,정상,
JE00149,2025-07-29,2025-07-29 11:04,401,제품매출,0,"7,657,800",제품 판매,최결산,박세무,정상,
JE00150,2025-12-01,2025-12-01 10:54,813,접대비,"20,939,500",0,거래처 접대,박세무,정전표,정상,
JE00150,2025-12-01,2025-12-01 10:54,101,현금,0,"20,939,500",거래처 접대,박세무,정전표,정상,
JE00151,2025-10-06,2025-10-06 09:39,813,접대비,"25,682,500",0,거래처 접대,김회계,박세무,정상,
JE00151,2025-10-06,2025-10-06 09:39,101,현금,0,"25,682,500",거래처 접대,김회계,박세무,정상,
JE00152,2025-02-17,2025-02-17 15:06,801,급여,"12,026,800",0,직원 급여 지급,김회계,정전표,정상,
JE00152,2025-02-17,2025-02-17 15:06,101,현금,0,"12,026,800",직원 급여 지급,김회계,정전표,정상,
JE00153,2025-01-15,2025-01-15 09:20,146,상품,"15,800,600",0,상품 매입,김회계,최결산,정상,
JE00153,2025-01-15,2025-01-15 09:20,251,외상매입금,0,"15,800,600",상품 매입,김회계,최결산,정상,
JE00154,2025-08-11,2025-08-11 11:15,813,접대비,"19,752,400",0,거래처 접대,정전표,최결산,정상,
JE00154,2025-08-11,2025-08-11 11:15,101,현금,0,"19,752,400",거래처 접대,정전표,최결산,정상,
JE00155,2025-03-31,2025-03-31 11:05,820,감가상각비,"9,540,100",0,월 감가상각 계상,정전표,최결산,정상,
JE00155,2025-03-31,2025-03-31 11:05,203,감가상각누계액,0,"9,540,100",월 감가상각 계상,정전표,최결산,정상,
JE00156,2025-09-12,2025-09-12 11:14,820,감가상각비,"12,726,400",0,월 감가상각 계상,최결산,박세무,정상,
JE00156,2025-09-12,2025-09-12 11:14,203,감가상각누계액,0,"12,726,400",월 감가상각 계상,최결산,박세무,정상,
JE00157,2025-12-08,2025-12-08 09:57,830,지급수수료,"13,486,400",0,수수료 이체,최결산,박세무,정상,
JE00157,2025-12-08,2025-12-08 09:57,103,보통예금,0,"13,486,400",수수료 이체,최결산,박세무,정상,
JE00158,2025-02-07,2025-02-07 16:22,811,복리후생비,"8,382,400",0,직원 복리후생,정전표,박세무,정상,
JE00158,2025-02-07,2025-02-07 16:22,103,보통예금,0,"8,382,400",직원 복리후생,정전표,박세무,정상,
JE00159,2025-08-22,2025-08-22 13:12,812,여비교통비,"13,212,300",0,출장 여비 정산,최결산,정전표,정상,
JE00159,2025-08-22,2025-08-22 13:12,101,현금,0,"13,212,300",출장 여비 정산,최결산,정전표,정상,
JE00160,2025-07-15,2025-07-15 14:36,101,현금,"12,536,400",0,매출채권 회수,박세무,최결산,정상,
JE00160,2025-07-15,2025-07-15 14:36,108,외상매출금,0,"12,536,400",매출채권 회수,박세무,최결산,정상,
JE00161,2025-05-21,2025-05-21 09:36,108,외상매출금,"20,851,600",0,제품 판매,김회계,정전표,정상,
JE00161,2025-05-21,2025-05-21 09:36,401,제품매출,0,"20,851,600",제품 판매,김회계,정전표,정상,
JE00162,2025-11-07,2025-11-07 14:14,801,급여,"12,164,800",0,직원 급여 지급,이감사,최결산,정상,
JE00162,2025-11-07,2025-11-07 14:14,101,현금,0,"12,164,800",직원 급여 지급,이감사,최결산,정상,
JE00163,2025-11-18,2025-11-18 09:19,146,상품,"5,194,100",0,상품 매입,최결산,김회계,정상,
JE00163,2025-11-18,2025-11-18 09:19,251,외상매입금,0,"5,194,100",상품 매입,최결산,김회계,정상,
JE00164,2025-03-10,2025-03-10 10:58,820,감가상각비,"19,229,200",0,월 감가상각 계상,박세무,최결산,정상,
JE00164,2025-03-10,2025-03-10 10:58,203,감가상각누계액,0,"19,229,200",월 감가상각 계상,박세무,최결산,정상,
JE00165,2025-04-14,2025-04-14 11:50,812,여비교통비,"9,308,500",0,출장 여비 정산,정전표,박세무,정상,
JE00165,2025-04-14,2025-04-14 11:50,101,현금,0,"9,308,500",출장 여비 정산,정전표,박세무,정상,
JE00166,2025-05-20,2025-05-20 11:16,811,복리후생비,"26,408,400",0,직원 복리후생,최결산,박세무,정상,
JE00166,2025-05-20,2025-05-20 11:16,103,보통예금,0,"26,408,400",직원 복리후생,최결산,박세무,정상,
JE00167,2025-08-28,2025-08-28 10:09,813,접대비,"6,138,200",0,거래처 접대,이감사,정전표,정상,
JE00167,2025-08-28,2025-08-28 10:09,101,현금,0,"6,138,200",거래처 접대,이감사,정전표,정상,
JE00168,2025-02-17,2025-02-17 15:00,811,복리후생비,"19,277,100",0,직원 복리후생,박세무,김회계,정상,
JE00168,2025-02-17,2025-02-17 15:00,103,보통예금,0,"19,277,100",직원 복리후생,박세무,김회계,정상,
JE00169,2025-12-11,2025-12-11 13:37,830,지급수수료,"19,424,500",0,수수료 이체,최결산,박세무,정상,
JE00169,2025-12-11,2025-12-11 13:37,103,보통예금,0,"19,424,500",수수료 이체,최결산,박세무,정상,
JE00170,2025-09-01,2025-09-01 09:39,101,현금,"12,359,000",0,매출채권 회수,정전표,박세무,정상,
JE00170,2025-09-01,2025-09-01 09:39,108,외상매출금,0,"12,359,000",매출채권 회수,정전표,박세무,정상,
JE00171,2025-11-28,2025-11-28 10:40,820,감가상각비,"11,706,000",0,월 감가상각 계상,최결산,박세무,정상,
JE00171,2025-11-28,2025-11-28 10:40,203,감가상각누계액,0,"11,706,000",월 감가상각 계상,최결산,박세무,정상,
JE00172,2025-03-13,2025-03-13 09:02,812,여비교통비,"6,217,100",0,출장 여비 정산,박세무,정전표,정상,
JE00172,2025-03-13,2025-03-13 09:02,101,현금,0,"6,217,100",출장 여비 정산,박세무,정전표,정상,
JE00173,2025-05-01,2025-05-01 17:08,101,현금,"5,195,600",0,매출채권 회수,최결산,정전표,정상,
JE00173,2025-05-01,2025-05-01 17:08,108,외상매출금,0,"5,195,600",매출채권 회수,최결산,정전표,정상,
JE00174,2025-08-04,2025-08-04 11:56,813,접대비,"28,421,600",0,거래처 접대,최결산,김회계,정상,
JE00174,2025-08-04,2025-08-04 11:56,101,현금,0,"28,421,600",거래처 접대,최결산,김회계,정상,
JE00175,2025-05-26,2025-05-26 09:44,830,지급수수료,"21,497,000",0,수수료 이체,박세무,이감사,정상,
JE00175,2025-05-26,2025-05-26 09:44,103,보통예금,0,"21,497,000",수수료 이체,박세무,이감사,정상,
JE00176,2025-05-01,2025-05-01 14:06,830,지급수수료,"23,414,800",0,수수료 이체,박세무,최결산,정상,
JE00176,2025-05-01,2025-05-01 14:06,103,보통예금,0,"23,414,800",수수료 이체,박세무,최결산,정상,
JE00177,2025-05-22,2025-05-22 12:07,108,외상매출금,"20,973,900",0,제품 판매,최결산,김회계,정상,
JE00177,2025-05-22,2025-05-22 12:07,401,제품매출,0,"20,973,900",제품 판매,최결산,김회계,정상,
JE00178,2025-01-27,2025-01-27 14:15,251,외상매입금,"1,219,700",0,매입대금 지급,이감사,박세무,정상,
JE00178,2025-01-27,2025-01-27 14:15,101,현금,0,"1,219,700",매입대금 지급,이감사,박세무,정상,
JE00179,2025-04-17,2025-04-17 12:52,101,현금,"29,156,400",0,매출채권 회수,이감사,최결산,정상,
JE00179,2025-04-17,2025-04-17 12:52,108,외상매출금,0,"29,156,400",매출채권 회수,이감사,최결산,정상,
JE00180,2025-05-22,2025-05-22 11:08,146,상품,"248,600",0,상품 매입,정전표,박세무,정상,
JE00180,2025-05-22,2025-05-22 11:08,251,외상매입금,0,"248,600",상품 매입,정전표,박세무,정상,
JE00181,2025-12-05,2025-12-05 09:08,146,상품,"5,863,300",0,상품 매입,김회계,최결산,정상,
JE00181,2025-12-05,2025-12-05 09:08,251,외상매입금,0,"5,863,300",상품 매입,김회계,최결산,정상,
JE00182,2025-01-09,2025-01-09 11:16,251,외상매입금,"17,074,900",0,매입대금 지급,김회계,박세무,정상,
JE00182,2025-01-09,2025-01-09 11:16,101,현금,0,"17,074,900",매입대금 지급,김회계,박세무,정상,
JE00183,2025-02-28,2025-02-28 10:30,812,여비교통비,"27,682,000",0,출장 여비 정산,최결산,박세무,정상,
JE00183,2025-02-28,2025-02-28 10:30,101,현금,0,"27,682,000",출장 여비 정산,최결산,박세무,정상,
JE00184,2025-08-20,2025-08-20 17:14,811,복리후생비,"5,817,500",0,직원 복리후생,정전표,김회계,정상,
JE00184,2025-08-20,2025-08-20 17:14,103,보통예금,0,"5,817,500",직원 복리후생,정전표,김회계,정상,
JE00185,2025-08-25,2025-08-25 09:03,811,복리후생비,"15,914,100",0,직원 복리후생,최결산,정전표,정상,
JE00185,2025-08-25,2025-08-25 09:03,103,보통예금,0,"15,914,100",직원 복리후생,최결산,정전표,정상,
JE00186,2025-09-09,2025-09-09 16:04,812,여비교통비,"5,760,300",0,출장 여비 정산,김회계,최결산,정상,
JE00186,2025-09-09,2025-09-09 16:04,101,현금,0,"5,760,300",출장 여비 정산,김회계,최결산,정상,
JE00187,2025-02-03,2025-02-03 11:17,820,감가상각비,"7,876,900",0,월 감가상각 계상,정전표,박세무,정상,
JE00187,2025-02-03,2025-02-03 11:17,203,감가상각누계액,0,"7,876,900",월 감가상각 계상,정전표,박세무,정상,
JE00188,2025-06-02,2025-06-02 16:32,812,여비교통비,"27,916,400",0,출장 여비 정산,정전표,최결산,정상,
JE00188,2025-06-02,2025-06-02 16:32,101,현금,0,"27,916,400",출장 여비 정산,정전표,최결산,정상,
JE00189,2025-12-02,2025-12-02 17:46,101,현금,"6,098,500",0,매출채권 회수,이감사,정전표,정상,
JE00189,2025-12-02,2025-12-02 17:46,108,외상매출금,0,"6,098,500",매출채권 회수,이감사,정전표,정상,
JE00190,2025-07-31,2025-07-31 14:52,830,지급수수료,"12,079,600",0,수수료 이체,최결산,정전표,정상,
JE00190,2025-07-31,2025-07-31 14:52,103,보통예금,0,"12,079,600",수수료 이체,최결산,정전표,정상,
JE00191,2025-06-10,2025-06-10 15:20,812,여비교통비,"5,085,200",0,출장 여비 정산,박세무,최결산,정상,
JE00191,2025-06-10,2025-06-10 15:20,101,현금,0,"5,085,200",출장 여비 정산,박세무,최결산,정상,
JE00192,2025-02-04,2025-02-04 10:53,146,상품,"24,965,200",0,상품 매입,김회계,이감사,정상,
JE00192,2025-02-04,2025-02-04 10:53,251,외상매입금,0,"24,965,200",상품 매입,김회계,이감사,정상,
JE00193,2025-07-10,2025-07-10 11:35,812,여비교통비,"5,162,700",0,출장 여비 정산,김회계,최결산,정상,
JE00193,2025-07-10,2025-07-10 11:35,101,현금,0,"5,162,700",출장 여비 정산,김회계,최결산,정상,
JE00194,2025-07-01,2025-07-01 15:55,101,현금,"21,638,200",0,매출채권 회수,김회계,최결산,정상,
JE00194,2025-07-01,2025-07-01 15:55,108,외상매출금,0,"21,638,200",매출채권 회수,김회계,최결산,정상,
JE00195,2025-06-30,2025-06-30 10:36,820,감가상각비,"16,481,300",0,월 감가상각 계상,정전표,이감사,정상,
JE00195,2025-06-30,2025-06-30 10:36,203,감가상각누계액,0,"16,481,300",월 감가상각 계상,정전표,이감사,정상,
JE00196,2025-04-25,2025-04-25 10:22,146,상품,"25,380,600",0,상품 매입,정전표,박세무,정상,
JE00196,2025-04-25,2025-04-25 10:22,251,외상매입금,0,"25,380,600",상품 매입,정전표,박세무,정상,
JE00197,2025-10-21,2025-10-21 12:51,101,현금,"14,704,900",0,매출채권 회수,최결산,김회계,정상,
JE00197,2025-10-21,2025-10-21 12:51,108,외상매출금,0,"14,704,900",매출채권 회수,최결산,김회계,정상,
JE00198,2025-01-15,2025-01-15 11:17,820,감가상각비,"14,121,900",0,월 감가상각 계상,박세무,최결산,정상,
JE00198,2025-01-15,2025-01-15 11:17,203,감가상각누계액,0,"14,121,900",월 감가상각 계상,박세무,최결산,정상,
JE00199,2025-04-03,2025-04-03 11:36,813,접대비,"420,100",0,거래처 접대,최결산,김회계,정상,
JE00199,2025-04-03,2025-04-03 11:36,101,현금,0,"420,100",거래처 접대,최결산,김회계,정상,
JE00200,2025-02-17,2025-02-17 17:13,146,상품,"1,707,300",0,상품 매입,최결산,정전표,정상,
JE00200,2025-02-17,2025-02-17 17:13,251,외상매입금,0,"1,707,300",상품 매입,최결산,정전표,정상,
JE00201,2025-03-24,2025-03-24 14:19,830,지급수수료,"500,000,000",0,수수료 이체,박세무,김회계,이상,고액전표
JE00201,2025-03-24,2025-03-24 14:19,103,보통예금,0,"500,000,000",수수료 이체,박세무,김회계,이상,고액전표
JE00202,2025-03-24,2025-03-24 09:43,108,외상매출금,"400,000,000",0,제품 판매,김회계,최결산,이상,고액전표
JE00202,2025-03-24,2025-03-24 09:43,401,제품매출,0,"400,000,000",제품 판매,김회계,최결산,이상,고액전표
JE00203,2025-08-06,2025-08-06 16:38,830,지급수수료,"800,000,000",0,수수료 이체,최결산,정전표,이상,고액전표
JE00203,2025-08-06,2025-08-06 16:38,103,보통예금,0,"800,000,000",수수료 이체,최결산,정전표,이상,고액전표
JE00204,2025-09-22,2025-09-22 10:22,801,급여,"400,000,000",0,직원 급여 지급,최결산,김회계,이상,고액전표
JE00204,2025-09-22,2025-09-22 10:22,101,현금,0,"400,000,000",직원 급여 지급,최결산,김회계,이상,고액전표
JE00205,2025-12-15,2025-12-15 16:33,801,급여,"800,000,000",0,직원 급여 지급,박세무,김회계,이상,고액전표
JE00205,2025-12-15,2025-12-15 16:33,101,현금,0,"800,000,000",직원 급여 지급,박세무,김회계,이상,고액전표
JE00206,2025-11-03,2025-11-03 09:00,251,외상매입금,"20,823,100",0,,이감사,최결산,이상,적요누락
JE00206,2025-11-03,2025-11-03 09:00,101,현금,0,"20,823,100",,이감사,최결산,이상,적요누락
JE00207,2025-05-12,2025-05-12 13:20,251,외상매입금,"7,295,000",0,,김회계,이감사,이상,적요누락
JE00207,2025-05-12,2025-05-12 13:20,101,현금,0,"7,295,000",,김회계,이감사,이상,적요누락
JE00208,2025-03-31,2025-03-31 11:24,830,지급수수료,"22,678,700",0,,정전표,이감사,이상,적요누락
JE00208,2025-03-31,2025-03-31 11:24,103,보통예금,0,"22,678,700",,정전표,이감사,이상,적요누락
JE00209,2025-12-09,2025-12-09 14:04,811,복리후생비,"29,393,200",0,,최결산,김회계,이상,적요누락
JE00209,2025-12-09,2025-12-09 14:04,103,보통예금,0,"29,393,200",,최결산,김회계,이상,적요누락
JE00210,2025-08-25,2025-08-25 10:55,812,여비교통비,"1,082,500",0,,박세무,정전표,이상,적요누락
JE00210,2025-08-25,2025-08-25 10:55,101,현금,0,"1,082,500",,박세무,정전표,이상,적요누락
JE00211,2026-01-03,2026-01-03 23:26,820,감가상각비,"21,303,400",0,월 감가상각 계상,박세무,김회계,이상,비정상입력시간
JE00211,2026-01-03,2026-01-03 23:26,203,감가상각누계액,0,"21,303,400",월 감가상각 계상,박세무,김회계,이상,비정상입력시간
JE00212,2025-06-21,2025-06-21 02:51,812,여비교통비,"1,193,400",0,출장 여비 정산,정전표,최결산,이상,비정상입력시간
JE00212,2025-06-21,2025-06-21 02:51,101,현금,0,"1,193,400",출장 여비 정산,정전표,최결산,이상,비정상입력시간
JE00213,2025-08-16,2025-08-16 02:15,813,접대비,"4,720,500",0,거래처 접대,최결산,정전표,이상,비정상입력시간
JE00213,2025-08-16,2025-08-16 02:15,101,현금,0,"4,720,500",거래처 접대,최결산,정전표,이상,비정상입력시간
JE00214,2025-07-26,2025-07-26 03:47,811,복리후생비,"4,223,300",0,직원 복리후생,박세무,이감사,이상,비정상입력시간
JE00214,2025-07-26,2025-07-26 03:47,103,보통예금,0,"4,223,300",직원 복리후생,박세무,이감사,이상,비정상입력시간
JE00215,2025-02-15,2025-02-15 23:40,813,접대비,"8,914,900",0,거래처 접대,김회계,박세무,이상,비정상입력시간
JE00215,2025-02-15,2025-02-15 23:40,101,현금,0,"8,914,900",거래처 접대,김회계,박세무,이상,비정상입력시간
JE00216,2025-11-27,2025-11-27 11:15,813,접대비,"18,507,700",0,거래처 접대,김회계,김회계,이상,직무분리위반
JE00216,2025-11-27,2025-11-27 11:15,101,현금,0,"18,507,700",거래처 접대,김회계,김회계,이상,직무분리위반
JE00217,2025-04-14,2025-04-14 11:38,146,상품,"13,520,100",0,상품 매입,이감사,이감사,이상,직무분리위반
JE00217,2025-04-14,2025-04-14 11:38,251,외상매입금,0,"13,520,100",상품 매입,이감사,이감사,이상,직무분리위반
JE00218,2025-11-18,2025-11-18 16:29,101,현금,"9,387,500",0,매출채권 회수,정전표,정전표,이상,직무분리위반
JE00218,2025-11-18,2025-11-18 16:29,108,외상매출금,0,"9,387,500",매출채권 회수,정전표,정전표,이상,직무분리위반
JE00219,2025-12-15,2025-12-15 14:55,820,감가상각비,"23,635,500",0,월 감가상각 계상,박세무,박세무,이상,직무분리위반
JE00219,2025-12-15,2025-12-15 14:55,203,감가상각누계액,0,"23,635,500",월 감가상각 계상,박세무,박세무,이상,직무분리위반
JE00220,2025-02-04,2025-02-04 16:28,146,상품,"23,156,200",0,상품 매입,박세무,박세무,이상,직무분리위반
JE00220,2025-02-04,2025-02-04 16:28,251,외상매입금,0,"23,156,200",상품 매입,박세무,박세무,이상,직무분리위반
JE00221,2025-01-29,2025-01-29 14:32,801,급여,"49,500,000",0,직원 급여 지급,김회계,최결산,이상,한도직전금액
JE00221,2025-01-29,2025-01-29 14:32,101,현금,0,"49,500,000",직원 급여 지급,김회계,최결산,이상,한도직전금액
JE00222,2025-01-20,2025-01-20 09:23,830,지급수수료,"49,800,000",0,수수료 이체,박세무,김회계,이상,한도직전금액
JE00222,2025-01-20,2025-01-20 09:23,103,보통예금,0,"49,800,000",수수료 이체,박세무,김회계,이상,한도직전금액
JE00223,2025-11-03,2025-11-03 17:24,101,현금,"49,500,000",0,매출채권 회수,최결산,김회계,이상,한도직전금액
JE00223,2025-11-03,2025-11-03 17:24,108,외상매출금,0,"49,500,000",매출채권 회수,최결산,김회계,이상,한도직전금액
JE00224,2025-12-01,2025-12-01 12:20,830,지급수수료,"49,500,000",0,수수료 이체,정전표,최결산,이상,한도직전금액
JE00224,2025-12-01,2025-12-01 12:20,103,보통예금,0,"49,500,000",수수료 이체,정전표,최결산,이상,한도직전금액
JE00225,2025-02-03,2025-02-03 16:06,811,복리후생비,"10,000,000",0,직원 복리후생,박세무,김회계,이상,라운드금액
JE00225,2025-02-03,2025-02-03 16:06,103,보통예금,0,"10,000,000",직원 복리후생,박세무,김회계,이상,라운드금액
JE00226,2025-03-31,2025-03-31 09:15,811,복리후생비,"30,000,000",0,직원 복리후생,최결산,정전표,이상,라운드금액
JE00226,2025-03-31,2025-03-31 09:15,103,보통예금,0,"30,000,000",직원 복리후생,최결산,정전표,이상,라운드금액
JE00227,2025-11-10,2025-11-10 11:23,811,복리후생비,"30,000,000",0,직원 복리후생,박세무,최결산,이상,라운드금액
JE00227,2025-11-10,2025-11-10 11:23,103,보통예금,0,"30,000,000",직원 복리후생,박세무,최결산,이상,라운드금액
JE00228,2025-06-23,2025-06-23 09:50,812,여비교통비,"20,000,000",0,출장 여비 정산,박세무,김회계,이상,라운드금액
JE00228,2025-06-23,2025-06-23 09:50,101,현금,0,"20,000,000",출장 여비 정산,박세무,김회계,이상,라운드금액
JE00229,2025-06-30,2025-06-30 13:48,830,지급수수료,"409,100",0,수수료 이체,최결산,정전표,이상,중복전표
JE00229,2025-06-30,2025-06-30 13:48,103,보통예금,0,"409,100",수수료 이체,최결산,정전표,이상,중복전표
JE00230,2025-03-07,2025-03-07 16:35,811,복리후생비,"6,693,400",0,직원 복리후생,이감사,최결산,이상,중복전표
JE00230,2025-03-07,2025-03-07 16:35,103,보통예금,0,"6,693,400",직원 복리후생,이감사,최결산,이상,중복전표
JE00231,2025-06-24,2025-06-24 17:17,801,급여,"21,854,900",0,직원 급여 지급,김회계,최결산,이상,중복전표
JE00231,2025-06-24,2025-06-24 17:17,101,현금,0,"21,854,900",직원 급여 지급,김회계,최결산,이상,중복전표
JE00232,2025-08-04,2025-08-04 11:56,813,접대비,"28,421,600",0,거래처 접대,최결산,김회계,이상,중복전표
JE00232,2025-08-04,2025-08-04 11:56,101,현금,0,"28,421,600",거래처 접대,최결산,김회계,이상,중복전표
합계,,,,,"6,474,814,600","6,474,814,600",,,,,